Amino Acid,Frequency=(Occurrences)/(Total Length)
E,0.004761905
T,0.00952381
H,0.014285714
A,0.019047619
G,0.023809524
Q,0.028571429
L,0.033333333
N,0.038095238
Y,0.042857143
S,0.047619048
P,0.052380952
D,0.057142857
W,0.061904762
K,0.066666667
R,0.071428571
F,0.076190476
M,0.080952381
V,0.085714286
I,0.09047619
C,0.095238095
,
Sum,1
